config_id,bw_ratio,bw0,bw1,n0,n1,n_total,msg_mb,algo,opt,wall_ns,eff_bw,status,error
bw1-1_n16_msg1_ring_ring_baseline,1:1,600.0,600.0,8,2,16,1,ring_ring,baseline,465701,4.2218,ok,
bw1-1_n16_msg1_ring_ring_localBWAware,1:1,600.0,600.0,8,2,16,1,ring_ring,localBWAware,462272,4.2531,ok,
bw1-1_n16_msg1_ring_dbt_baseline,1:1,600.0,600.0,8,2,16,1,ring_dbt,baseline,465742,4.2214,ok,
bw1-1_n16_msg1_ring_dbt_localBWAware,1:1,600.0,600.0,8,2,16,1,ring_dbt,localBWAware,462272,4.2531,ok,
bw1-1_n16_msg1_oneRing_baseline,1:1,600.0,600.0,8,2,16,1,oneRing,baseline,981760,2.0026,ok,
bw1-1_n16_msg1_oneRing_localBWAware,1:1,600.0,600.0,8,2,16,1,oneRing,localBWAware,981760,2.0026,ok,
bw1-1_n16_msg10_ring_ring_baseline,1:1,600.0,600.0,8,2,16,10,ring_ring,baseline,505941,38.8599,ok,
bw1-1_n16_msg10_ring_ring_localBWAware,1:1,600.0,600.0,8,2,16,10,ring_ring,localBWAware,502144,39.1537,ok,
bw1-1_n16_msg10_ring_dbt_baseline,1:1,600.0,600.0,8,2,16,10,ring_dbt,baseline,506348,38.8286,ok,
bw1-1_n16_msg10_ring_dbt_localBWAware,1:1,600.0,600.0,8,2,16,10,ring_dbt,localBWAware,502144,39.1537,ok,
bw1-1_n16_msg10_oneRing_baseline,1:1,600.0,600.0,8,2,16,10,oneRing,baseline,1025920,19.1641,ok,
bw1-1_n16_msg10_oneRing_localBWAware,1:1,600.0,600.0,8,2,16,10,oneRing,localBWAware,1025920,19.1641,ok,
bw1-1_n16_msg100_ring_ring_baseline,1:1,600.0,600.0,8,2,16,100,ring_ring,baseline,921772,213.2935,ok,
bw1-1_n16_msg100_ring_ring_localBWAware,1:1,600.0,600.0,8,2,16,100,ring_ring,localBWAware,914304,215.0357,ok,
bw1-1_n16_msg100_ring_dbt_baseline,1:1,600.0,600.0,8,2,16,100,ring_dbt,baseline,925852,212.3536,ok,
bw1-1_n16_msg100_ring_dbt_localBWAware,1:1,600.0,600.0,8,2,16,100,ring_dbt,localBWAware,914304,215.0357,ok,
bw1-1_n16_msg100_oneRing_baseline,1:1,600.0,600.0,8,2,16,100,oneRing,baseline,1467520,133.973,ok,
bw1-1_n16_msg100_oneRing_localBWAware,1:1,600.0,600.0,8,2,16,100,oneRing,localBWAware,1467520,133.973,ok,
bw1-1_n16_msg1000_ring_ring_baseline,1:1,600.0,600.0,8,2,16,1000,ring_ring,baseline,5070228,387.7695,ok,
bw1-1_n16_msg1000_ring_ring_localBWAware,1:1,600.0,600.0,8,2,16,1000,ring_ring,localBWAware,5026048,391.1781,ok,
bw1-1_n16_msg1000_ring_dbt_baseline,1:1,600.0,600.0,8,2,16,1000,ring_dbt,baseline,5111020,384.6747,ok,
bw1-1_n16_msg1000_ring_dbt_localBWAware,1:1,600.0,600.0,8,2,16,1000,ring_dbt,localBWAware,5026048,391.1781,ok,
bw1-1_n16_msg1000_oneRing_baseline,1:1,600.0,600.0,8,2,16,1000,oneRing,baseline,5873920,334.7134,ok,
bw1-1_n16_msg1000_oneRing_localBWAware,1:1,600.0,600.0,8,2,16,1000,oneRing,localBWAware,5873920,334.7134,ok,
bw1-1_n64_msg1_ring_ring_baseline,1:1,600.0,600.0,8,8,64,1,ring_ring,baseline,1812845,1.1388,ok,
bw1-1_n64_msg1_ring_ring_localBWAware,1:1,600.0,600.0,8,8,64,1,ring_ring,localBWAware,1808823,1.1413,ok,
bw1-1_n64_msg1_ring_dbt_baseline,1:1,600.0,600.0,8,8,64,1,ring_dbt,baseline,670688,3.078,ok,
bw1-1_n64_msg1_ring_dbt_localBWAware,1:1,600.0,600.0,8,8,64,1,ring_dbt,localBWAware,654996,3.1518,ok,
bw1-1_n64_msg1_oneRing_baseline,1:1,600.0,600.0,8,8,64,1,oneRing,baseline,4113280,0.5019,ok,
bw1-1_n64_msg1_oneRing_localBWAware,1:1,600.0,600.0,8,8,64,1,oneRing,localBWAware,4113280,0.5019,ok,
bw1-1_n64_msg10_ring_ring_baseline,1:1,600.0,600.0,8,8,64,10,ring_ring,baseline,1853340,11.1387,ok,
bw1-1_n64_msg10_ring_ring_localBWAware,1:1,600.0,600.0,8,8,64,10,ring_ring,localBWAware,1813478,11.3836,ok,
bw1-1_n64_msg10_ring_dbt_baseline,1:1,600.0,600.0,8,8,64,10,ring_dbt,baseline,833140,24.7784,ok,
bw1-1_n64_msg10_ring_dbt_localBWAware,1:1,600.0,600.0,8,8,64,10,ring_dbt,localBWAware,675167,30.5759,ok,
bw1-1_n64_msg10_oneRing_baseline,1:1,600.0,600.0,8,8,64,10,oneRing,baseline,4149568,4.9749,ok,
bw1-1_n64_msg10_oneRing_localBWAware,1:1,600.0,600.0,8,8,64,10,oneRing,localBWAware,4149568,4.9749,ok,
bw1-1_n64_msg100_ring_ring_baseline,1:1,600.0,600.0,8,8,64,100,ring_ring,baseline,2271940,90.8644,ok,
bw1-1_n64_msg100_ring_ring_localBWAware,1:1,600.0,600.0,8,8,64,100,ring_ring,localBWAware,1872334,110.2573,ok,
bw1-1_n64_msg100_ring_dbt_baseline,1:1,600.0,600.0,8,8,64,100,ring_dbt,baseline,2459469,83.9362,ok,
bw1-1_n64_msg100_ring_dbt_localBWAware,1:1,600.0,600.0,8,8,64,100,ring_dbt,localBWAware,914304,225.7875,ok,
bw1-1_n64_msg100_oneRing_baseline,1:1,600.0,600.0,8,8,64,100,oneRing,baseline,4621312,44.671,ok,
bw1-1_n64_msg100_oneRing_localBWAware,1:1,600.0,600.0,8,8,64,100,oneRing,localBWAware,4621312,44.671,ok,
bw1-1_n64_msg1000_ring_ring_baseline,1:1,600.0,600.0,8,8,64,1000,ring_ring,baseline,6447930,320.1623,ok,
bw1-1_n64_msg1000_ring_ring_localBWAware,1:1,600.0,600.0,8,8,64,1000,ring_ring,localBWAware,5026048,410.737,ok,
bw1-1_n64_msg1000_ring_dbt_baseline,1:1,600.0,600.0,8,8,64,1000,ring_dbt,baseline,18718123,110.288,ok,
bw1-1_n64_msg1000_ring_dbt_localBWAware,1:1,600.0,600.0,8,8,64,1000,ring_dbt,localBWAware,5026048,410.737,ok,
bw1-1_n64_msg1000_oneRing_baseline,1:1,600.0,600.0,8,8,64,1000,oneRing,baseline,9250048,223.1755,ok,
bw1-1_n64_msg1000_oneRing_localBWAware,1:1,600.0,600.0,8,8,64,1000,oneRing,localBWAware,9250048,223.1755,ok,
bw1-1_n256_msg1_ring_ring_baseline,1:1,600.0,600.0,8,32,256,1,ring_ring,baseline,7983533,0.2617,ok,
bw1-1_n256_msg1_ring_ring_localBWAware,1:1,600.0,600.0,8,32,256,1,ring_ring,localBWAware,7983543,0.2617,ok,
bw1-1_n256_msg1_ring_dbt_baseline,1:1,600.0,600.0,8,32,256,1,ring_dbt,baseline,1199328,1.7418,ok,
bw1-1_n256_msg1_ring_dbt_localBWAware,1:1,600.0,600.0,8,32,256,1,ring_dbt,localBWAware,1171092,1.7838,ok,
bw1-1_n256_msg1_oneRing_baseline,1:1,600.0,600.0,8,32,256,1,oneRing,baseline,16647040,0.1255,ok,
bw1-1_n256_msg1_oneRing_localBWAware,1:1,600.0,600.0,8,32,256,1,oneRing,localBWAware,16647040,0.1255,ok,
bw1-1_n256_msg10_ring_ring_baseline,1:1,600.0,600.0,8,32,256,10,ring_ring,baseline,8029788,2.6015,ok,
bw1-1_n256_msg10_ring_ring_localBWAware,1:1,600.0,600.0,8,32,256,10,ring_ring,localBWAware,7984166,2.6164,ok,
bw1-1_n256_msg10_ring_dbt_baseline,1:1,600.0,600.0,8,32,256,10,ring_dbt,baseline,1491060,14.0099,ok,
bw1-1_n256_msg10_ring_dbt_localBWAware,1:1,600.0,600.0,8,32,256,10,ring_dbt,localBWAware,1206879,17.3088,ok,
bw1-1_n256_msg10_oneRing_baseline,1:1,600.0,600.0,8,32,256,10,oneRing,baseline,16647040,1.2549,ok,
bw1-1_n256_msg10_oneRing_localBWAware,1:1,600.0,600.0,8,32,256,10,oneRing,localBWAware,16647040,1.2549,ok,
bw1-1_n256_msg100_ring_ring_baseline,1:1,600.0,600.0,8,32,256,100,ring_ring,baseline,8494532,24.5918,ok,
bw1-1_n256_msg100_ring_ring_localBWAware,1:1,600.0,600.0,8,32,256,100,ring_ring,localBWAware,8050126,25.9494,ok,
bw1-1_n256_msg100_ring_dbt_baseline,1:1,600.0,600.0,8,32,256,100,ring_dbt,baseline,4411469,47.3529,ok,
bw1-1_n256_msg100_ring_dbt_localBWAware,1:1,600.0,600.0,8,32,256,100,ring_dbt,localBWAware,1578789,132.3141,ok,
bw1-1_n256_msg100_oneRing_baseline,1:1,600.0,600.0,8,32,256,100,oneRing,baseline,17136640,12.19,ok,
bw1-1_n256_msg100_oneRing_localBWAware,1:1,600.0,600.0,8,32,256,100,oneRing,localBWAware,17136640,12.19,ok,
bw1-1_n256_msg1000_ring_ring_baseline,1:1,600.0,600.0,8,32,256,1000,ring_ring,baseline,13110074,159.3401,ok,
bw1-1_n256_msg1000_ring_ring_localBWAware,1:1,600.0,600.0,8,32,256,1000,ring_ring,localBWAware,8685764,240.5039,ok,
bw1-1_n256_msg1000_ring_dbt_baseline,1:1,600.0,600.0,8,32,256,1000,ring_dbt,baseline,33607339,62.1579,ok,
bw1-1_n256_msg1000_ring_dbt_localBWAware,1:1,600.0,600.0,8,32,256,1000,ring_dbt,localBWAware,5284488,395.3004,ok,
bw1-1_n256_msg1000_oneRing_baseline,1:1,600.0,600.0,8,32,256,1000,oneRing,baseline,21836800,95.6624,ok,
bw1-1_n256_msg1000_oneRing_localBWAware,1:1,600.0,600.0,8,32,256,1000,oneRing,localBWAware,21836800,95.6624,ok,
bw4-1_n16_msg1_ring_ring_baseline,4:1,600.0,150.0,8,2,16,1,ring_ring,baseline,465777,4.2211,ok,
bw4-1_n16_msg1_ring_ring_localBWAware,4:1,600.0,150.0,8,2,16,1,ring_ring,localBWAware,462272,4.2531,ok,
bw4-1_n16_msg1_ring_dbt_baseline,4:1,600.0,150.0,8,2,16,1,ring_dbt,baseline,465894,4.22,ok,
bw4-1_n16_msg1_ring_dbt_localBWAware,4:1,600.0,150.0,8,2,16,1,ring_dbt,localBWAware,462272,4.2531,ok,
bw4-1_n16_msg1_oneRing_baseline,4:1,600.0,150.0,8,2,16,1,oneRing,baseline,981760,2.0026,ok,
bw4-1_n16_msg1_oneRing_localBWAware,4:1,600.0,150.0,8,2,16,1,oneRing,localBWAware,981760,2.0026,ok,
bw4-1_n16_msg10_ring_ring_baseline,4:1,600.0,150.0,8,2,16,10,ring_ring,baseline,506703,38.8014,ok,
bw4-1_n16_msg10_ring_ring_localBWAware,4:1,600.0,150.0,8,2,16,10,ring_ring,localBWAware,502144,39.1537,ok,
bw4-1_n16_msg10_ring_dbt_baseline,4:1,600.0,150.0,8,2,16,10,ring_dbt,baseline,507874,38.712,ok,
bw4-1_n16_msg10_ring_dbt_localBWAware,4:1,600.0,150.0,8,2,16,10,ring_dbt,localBWAware,502144,39.1537,ok,
bw4-1_n16_msg10_oneRing_baseline,4:1,600.0,150.0,8,2,16,10,oneRing,baseline,1025920,19.1641,ok,
bw4-1_n16_msg10_oneRing_localBWAware,4:1,600.0,150.0,8,2,16,10,oneRing,localBWAware,1025920,19.1641,ok,
bw4-1_n16_msg100_ring_ring_baseline,4:1,600.0,150.0,8,2,16,100,ring_ring,baseline,1021508,192.4684,ok,
bw4-1_n16_msg100_ring_ring_localBWAware,4:1,600.0,150.0,8,2,16,100,ring_ring,localBWAware,914304,215.0357,ok,
bw4-1_n16_msg100_ring_dbt_baseline,4:1,600.0,150.0,8,2,16,100,ring_dbt,baseline,1003354,195.9508,ok,
bw4-1_n16_msg100_ring_dbt_localBWAware,4:1,600.0,150.0,8,2,16,100,ring_dbt,localBWAware,914304,215.0357,ok,
bw4-1_n16_msg100_oneRing_baseline,4:1,600.0,150.0,8,2,16,100,oneRing,baseline,1467520,133.973,ok,
bw4-1_n16_msg100_oneRing_localBWAware,4:1,600.0,150.0,8,2,16,100,oneRing,localBWAware,1467520,133.973,ok,
bw4-1_n16_msg1000_ring_ring_baseline,4:1,600.0,150.0,8,2,16,1000,ring_ring,baseline,7829818,251.1016,ok,
bw4-1_n16_msg1000_ring_ring_localBWAware,4:1,600.0,150.0,8,2,16,1000,ring_ring,localBWAware,5026048,391.1781,ok,
bw4-1_n16_msg1000_ring_dbt_baseline,4:1,600.0,150.0,8,2,16,1000,ring_dbt,baseline,8788017,223.7228,ok,
bw4-1_n16_msg1000_ring_dbt_localBWAware,4:1,600.0,150.0,8,2,16,1000,ring_dbt,localBWAware,5026048,391.1781,ok,
bw4-1_n16_msg1000_oneRing_baseline,4:1,600.0,150.0,8,2,16,1000,oneRing,baseline,5873920,334.7134,ok,
bw4-1_n16_msg1000_oneRing_localBWAware,4:1,600.0,150.0,8,2,16,1000,oneRing,localBWAware,5873920,334.7134,ok,
bw4-1_n64_msg1_ring_ring_baseline,4:1,600.0,150.0,8,8,64,1,ring_ring,baseline,1820909,1.1337,ok,
bw4-1_n64_msg1_ring_ring_localBWAware,4:1,600.0,150.0,8,8,64,1,ring_ring,localBWAware,1809719,1.1407,ok,
bw4-1_n64_msg1_ring_dbt_baseline,4:1,600.0,150.0,8,8,64,1,ring_dbt,baseline,695084,2.97,ok,
bw4-1_n64_msg1_ring_dbt_localBWAware,4:1,600.0,150.0,8,8,64,1,ring_dbt,localBWAware,657885,3.1379,ok,
bw4-1_n64_msg1_oneRing_baseline,4:1,600.0,150.0,8,8,64,1,oneRing,baseline,4113280,0.5019,ok,
bw4-1_n64_msg1_oneRing_localBWAware,4:1,600.0,150.0,8,8,64,1,oneRing,localBWAware,4113280,0.5019,ok,
bw4-1_n64_msg10_ring_ring_baseline,4:1,600.0,150.0,8,8,64,10,ring_ring,baseline,1939356,10.6447,ok,
bw4-1_n64_msg10_ring_ring_localBWAware,4:1,600.0,150.0,8,8,64,10,ring_ring,localBWAware,1824230,11.3165,ok,
bw4-1_n64_msg10_ring_dbt_baseline,4:1,600.0,150.0,8,8,64,10,ring_dbt,baseline,1078063,19.149,ok,
bw4-1_n64_msg10_ring_dbt_localBWAware,4:1,600.0,150.0,8,8,64,10,ring_dbt,localBWAware,705983,29.2413,ok,
bw4-1_n64_msg10_oneRing_baseline,4:1,600.0,150.0,8,8,64,10,oneRing,baseline,4149568,4.9749,ok,
bw4-1_n64_msg10_oneRing_localBWAware,4:1,600.0,150.0,8,8,64,10,oneRing,localBWAware,4149568,4.9749,ok,
bw4-1_n64_msg100_ring_ring_baseline,4:1,600.0,150.0,8,8,64,100,ring_ring,baseline,3126724,66.0239,ok,
bw4-1_n64_msg100_ring_ring_localBWAware,4:1,600.0,150.0,8,8,64,100,ring_ring,localBWAware,1978958,104.3167,ok,
bw4-1_n64_msg100_ring_dbt_baseline,4:1,600.0,150.0,8,8,64,100,ring_dbt,baseline,4908378,42.0584,ok,
bw4-1_n64_msg100_ring_dbt_localBWAware,4:1,600.0,150.0,8,8,64,100,ring_dbt,localBWAware,1191007,173.331,ok,
bw4-1_n64_msg100_oneRing_baseline,4:1,600.0,150.0,8,8,64,100,oneRing,baseline,4621312,44.671,ok,
bw4-1_n64_msg100_oneRing_localBWAware,4:1,600.0,150.0,8,8,64,100,oneRing,localBWAware,4621312,44.671,ok,
bw4-1_n64_msg1000_ring_ring_baseline,4:1,600.0,150.0,8,8,64,1000,ring_ring,baseline,14993082,137.6891,ok,
bw4-1_n64_msg1000_ring_ring_localBWAware,4:1,600.0,150.0,8,8,64,1000,ring_ring,localBWAware,5026048,410.737,ok,
bw4-1_n64_msg1000_ring_dbt_baseline,4:1,600.0,150.0,8,8,64,1000,ring_dbt,baseline,43208497,47.7773,ok,
bw4-1_n64_msg1000_ring_dbt_localBWAware,4:1,600.0,150.0,8,8,64,1000,ring_dbt,localBWAware,6034697,342.0858,ok,
bw4-1_n64_msg1000_oneRing_baseline,4:1,600.0,150.0,8,8,64,1000,oneRing,baseline,9250048,223.1755,ok,
bw4-1_n64_msg1000_oneRing_localBWAware,4:1,600.0,150.0,8,8,64,1000,oneRing,localBWAware,9250048,223.1755,ok,
bw4-1_n256_msg1_ring_ring_baseline,4:1,600.0,150.0,8,32,256,1,ring_ring,baseline,7995437,0.2613,ok,
bw4-1_n256_msg1_ring_ring_localBWAware,4:1,600.0,150.0,8,32,256,1,ring_ring,localBWAware,7983543,0.2617,ok,
bw4-1_n256_msg1_ring_dbt_baseline,4:1,600.0,150.0,8,32,256,1,ring_dbt,baseline,1243180,1.6803,ok,
bw4-1_n256_msg1_ring_dbt_localBWAware,4:1,600.0,150.0,8,32,256,1,ring_dbt,localBWAware,1176285,1.7759,ok,
bw4-1_n256_msg1_oneRing_baseline,4:1,600.0,150.0,8,32,256,1,oneRing,baseline,16647040,0.1255,ok,
bw4-1_n256_msg1_oneRing_localBWAware,4:1,600.0,150.0,8,32,256,1,oneRing,localBWAware,16647040,0.1255,ok,
bw4-1_n256_msg10_ring_ring_baseline,4:1,600.0,150.0,8,32,256,10,ring_ring,baseline,8125020,2.571,ok,
bw4-1_n256_msg10_ring_ring_localBWAware,4:1,600.0,150.0,8,32,256,10,ring_ring,localBWAware,7996070,2.6125,ok,
bw4-1_n256_msg10_ring_dbt_baseline,4:1,600.0,150.0,8,32,256,10,ring_dbt,baseline,1931311,10.8163,ok,
bw4-1_n256_msg10_ring_dbt_localBWAware,4:1,600.0,150.0,8,32,256,10,ring_dbt,localBWAware,1262271,16.5492,ok,
bw4-1_n256_msg10_oneRing_baseline,4:1,600.0,150.0,8,32,256,10,oneRing,baseline,16647040,1.2549,ok,
bw4-1_n256_msg10_oneRing_localBWAware,4:1,600.0,150.0,8,32,256,10,oneRing,localBWAware,16647040,1.2549,ok,
bw4-1_n256_msg100_ring_ring_baseline,4:1,600.0,150.0,8,32,256,100,ring_ring,baseline,9438916,22.1314,ok,
bw4-1_n256_msg100_ring_ring_localBWAware,4:1,600.0,150.0,8,32,256,100,ring_ring,localBWAware,8169166,25.5713,ok,
bw4-1_n256_msg100_ring_dbt_baseline,4:1,600.0,150.0,8,32,256,100,ring_dbt,baseline,8813402,23.7021,ok,
bw4-1_n256_msg100_ring_dbt_localBWAware,4:1,600.0,150.0,8,32,256,100,ring_dbt,localBWAware,2129247,98.1079,ok,
bw4-1_n256_msg100_oneRing_baseline,4:1,600.0,150.0,8,32,256,100,oneRing,baseline,17136640,12.19,ok,
bw4-1_n256_msg100_oneRing_localBWAware,4:1,600.0,150.0,8,32,256,100,oneRing,localBWAware,17136640,12.19,ok,
bw4-1_n256_msg1000_ring_ring_baseline,4:1,600.0,150.0,8,32,256,1000,ring_ring,baseline,22569786,92.5556,ok,
bw4-1_n256_msg1000_ring_ring_localBWAware,4:1,600.0,150.0,8,32,256,1000,ring_ring,localBWAware,9868228,211.6854,ok,
bw4-1_n256_msg1000_ring_dbt_baseline,4:1,600.0,150.0,8,32,256,1000,ring_dbt,baseline,77628977,26.9095,ok,
bw4-1_n256_msg1000_ring_dbt_localBWAware,4:1,600.0,150.0,8,32,256,1000,ring_dbt,localBWAware,10787337,193.6493,ok,
bw4-1_n256_msg1000_oneRing_baseline,4:1,600.0,150.0,8,32,256,1000,oneRing,baseline,21836800,95.6624,ok,
bw4-1_n256_msg1000_oneRing_localBWAware,4:1,600.0,150.0,8,32,256,1000,oneRing,localBWAware,21836800,95.6624,ok,
bw8-1_n16_msg1_ring_ring_baseline,8:1,600.0,75.0,8,2,16,1,ring_ring,baseline,465879,4.2202,ok,
bw8-1_n16_msg1_ring_ring_localBWAware,8:1,600.0,75.0,8,2,16,1,ring_ring,localBWAware,462272,4.2531,ok,
bw8-1_n16_msg1_ring_dbt_baseline,8:1,600.0,75.0,8,2,16,1,ring_dbt,baseline,466098,4.2182,ok,
bw8-1_n16_msg1_ring_dbt_localBWAware,8:1,600.0,75.0,8,2,16,1,ring_dbt,localBWAware,462272,4.2531,ok,
bw8-1_n16_msg1_oneRing_baseline,8:1,600.0,75.0,8,2,16,1,oneRing,baseline,981760,2.0026,ok,
bw8-1_n16_msg1_oneRing_localBWAware,8:1,600.0,75.0,8,2,16,1,oneRing,localBWAware,981760,2.0026,ok,
bw8-1_n16_msg10_ring_ring_baseline,8:1,600.0,75.0,8,2,16,10,ring_ring,baseline,507721,38.7236,ok,
bw8-1_n16_msg10_ring_ring_localBWAware,8:1,600.0,75.0,8,2,16,10,ring_ring,localBWAware,502144,39.1537,ok,
bw8-1_n16_msg10_ring_dbt_baseline,8:1,600.0,75.0,8,2,16,10,ring_dbt,baseline,509908,38.5575,ok,
bw8-1_n16_msg10_ring_dbt_localBWAware,8:1,600.0,75.0,8,2,16,10,ring_dbt,localBWAware,502144,39.1537,ok,
bw8-1_n16_msg10_oneRing_baseline,8:1,600.0,75.0,8,2,16,10,oneRing,baseline,1025920,19.1641,ok,
bw8-1_n16_msg10_oneRing_localBWAware,8:1,600.0,75.0,8,2,16,10,oneRing,localBWAware,1025920,19.1641,ok,
bw8-1_n16_msg100_ring_ring_baseline,8:1,600.0,75.0,8,2,16,100,ring_ring,baseline,1672516,117.5522,ok,
bw8-1_n16_msg100_ring_ring_localBWAware,8:1,600.0,75.0,8,2,16,100,ring_ring,localBWAware,914304,215.0357,ok,
bw8-1_n16_msg100_ring_dbt_baseline,8:1,600.0,75.0,8,2,16,100,ring_dbt,baseline,1664599,118.1113,ok,
bw8-1_n16_msg100_ring_dbt_localBWAware,8:1,600.0,75.0,8,2,16,100,ring_dbt,localBWAware,914304,215.0357,ok,
bw8-1_n16_msg100_oneRing_baseline,8:1,600.0,75.0,8,2,16,100,oneRing,baseline,1467520,133.973,ok,
bw8-1_n16_msg100_oneRing_localBWAware,8:1,600.0,75.0,8,2,16,100,oneRing,localBWAware,1467520,133.973,ok,
bw8-1_n16_msg1000_ring_ring_baseline,8:1,600.0,75.0,8,2,16,1000,ring_ring,baseline,14340282,137.1019,ok,
bw8-1_n16_msg1000_ring_ring_localBWAware,8:1,600.0,75.0,8,2,16,1000,ring_ring,localBWAware,5026048,391.1781,ok,
bw8-1_n16_msg1000_ring_dbt_baseline,8:1,600.0,75.0,8,2,16,1000,ring_dbt,baseline,15400142,127.6664,ok,
bw8-1_n16_msg1000_ring_dbt_localBWAware,8:1,600.0,75.0,8,2,16,1000,ring_dbt,localBWAware,5026048,391.1781,ok,
bw8-1_n16_msg1000_oneRing_baseline,8:1,600.0,75.0,8,2,16,1000,oneRing,baseline,5873920,334.7134,ok,
bw8-1_n16_msg1000_oneRing_localBWAware,8:1,600.0,75.0,8,2,16,1000,oneRing,localBWAware,5873920,334.7134,ok,
bw8-1_n64_msg1_ring_ring_baseline,8:1,600.0,75.0,8,8,64,1,ring_ring,baseline,1832557,1.1265,ok,
bw8-1_n64_msg1_ring_ring_localBWAware,8:1,600.0,75.0,8,8,64,1,ring_ring,localBWAware,1811511,1.1396,ok,
bw8-1_n64_msg1_ring_dbt_baseline,8:1,600.0,75.0,8,8,64,1,ring_dbt,baseline,727826,2.8364,ok,
bw8-1_n64_msg1_ring_dbt_localBWAware,8:1,600.0,75.0,8,8,64,1,ring_dbt,localBWAware,662058,3.1181,ok,
bw8-1_n64_msg1_oneRing_baseline,8:1,600.0,75.0,8,8,64,1,oneRing,baseline,4113280,0.5019,ok,
bw8-1_n64_msg1_oneRing_localBWAware,8:1,600.0,75.0,8,8,64,1,oneRing,localBWAware,4113280,0.5019,ok,
bw8-1_n64_msg10_ring_ring_baseline,8:1,600.0,75.0,8,8,64,10,ring_ring,baseline,2053148,10.0547,ok,
bw8-1_n64_msg10_ring_ring_localBWAware,8:1,600.0,75.0,8,8,64,10,ring_ring,localBWAware,1838566,11.2282,ok,
bw8-1_n64_msg10_ring_dbt_baseline,8:1,600.0,75.0,8,8,64,10,ring_dbt,baseline,1404520,14.6981,ok,
bw8-1_n64_msg10_ring_dbt_localBWAware,8:1,600.0,75.0,8,8,64,10,ring_dbt,localBWAware,746750,27.6449,ok,
bw8-1_n64_msg10_oneRing_baseline,8:1,600.0,75.0,8,8,64,10,oneRing,baseline,4149568,4.9749,ok,
bw8-1_n64_msg10_oneRing_localBWAware,8:1,600.0,75.0,8,8,64,10,oneRing,localBWAware,4149568,4.9749,ok,
bw8-1_n64_msg100_ring_ring_baseline,8:1,600.0,75.0,8,8,64,100,ring_ring,baseline,4266436,48.3866,ok,
bw8-1_n64_msg100_ring_ring_localBWAware,8:1,600.0,75.0,8,8,64,100,ring_ring,localBWAware,2121422,97.3113,ok,
bw8-1_n64_msg100_ring_dbt_baseline,8:1,600.0,75.0,8,8,64,100,ring_dbt,baseline,8173911,25.2558,ok,
bw8-1_n64_msg100_ring_dbt_localBWAware,8:1,600.0,75.0,8,8,64,100,ring_dbt,localBWAware,1599319,129.0789,ok,
bw8-1_n64_msg100_oneRing_baseline,8:1,600.0,75.0,8,8,64,100,oneRing,baseline,4621312,44.671,ok,
bw8-1_n64_msg100_oneRing_localBWAware,8:1,600.0,75.0,8,8,64,100,oneRing,localBWAware,4621312,44.671,ok,
bw8-1_n64_msg1000_ring_ring_baseline,8:1,600.0,75.0,8,8,64,1000,ring_ring,baseline,26386618,78.236,ok,
bw8-1_n64_msg1000_ring_ring_localBWAware,8:1,600.0,75.0,8,8,64,1000,ring_ring,localBWAware,5026048,410.737,ok,
bw8-1_n64_msg1000_ring_dbt_baseline,8:1,600.0,75.0,8,8,64,1000,ring_dbt,baseline,75862222,27.2123,ok,
bw8-1_n64_msg1000_ring_dbt_localBWAware,8:1,600.0,75.0,8,8,64,1000,ring_dbt,localBWAware,10116533,204.0604,ok,
bw8-1_n64_msg1000_oneRing_baseline,8:1,600.0,75.0,8,8,64,1000,oneRing,baseline,9250048,223.1755,ok,
bw8-1_n64_msg1000_oneRing_localBWAware,8:1,600.0,75.0,8,8,64,1000,oneRing,localBWAware,9250048,223.1755,ok,
bw8-1_n256_msg1_ring_ring_baseline,8:1,600.0,75.0,8,32,256,1,ring_ring,baseline,8007341,0.2609,ok,
bw8-1_n256_msg1_ring_ring_localBWAware,8:1,600.0,75.0,8,32,256,1,ring_ring,localBWAware,7983543,0.2617,ok,
bw8-1_n256_msg1_ring_dbt_baseline,8:1,600.0,75.0,8,32,256,1,ring_dbt,baseline,1302034,1.6044,ok,
bw8-1_n256_msg1_ring_dbt_localBWAware,8:1,600.0,75.0,8,32,256,1,ring_dbt,localBWAware,1183786,1.7646,ok,
bw8-1_n256_msg1_oneRing_baseline,8:1,600.0,75.0,8,32,256,1,oneRing,baseline,16647040,0.1255,ok,
bw8-1_n256_msg1_oneRing_localBWAware,8:1,600.0,75.0,8,32,256,1,oneRing,localBWAware,16647040,0.1255,ok,
bw8-1_n256_msg10_ring_ring_baseline,8:1,600.0,75.0,8,32,256,10,ring_ring,baseline,8251996,2.5315,ok,
bw8-1_n256_msg10_ring_ring_localBWAware,8:1,600.0,75.0,8,32,256,10,ring_ring,localBWAware,8011942,2.6073,ok,
bw8-1_n256_msg10_ring_dbt_baseline,8:1,600.0,75.0,8,32,256,10,ring_dbt,baseline,2518120,8.2957,ok,
bw8-1_n256_msg10_ring_dbt_localBWAware,8:1,600.0,75.0,8,32,256,10,ring_dbt,localBWAware,1335550,15.6412,ok,
bw8-1_n256_msg10_oneRing_baseline,8:1,600.0,75.0,8,32,256,10,oneRing,baseline,16647040,1.2549,ok,
bw8-1_n256_msg10_oneRing_localBWAware,8:1,600.0,75.0,8,32,256,10,oneRing,localBWAware,16647040,1.2549,ok,
bw8-1_n256_msg100_ring_ring_baseline,8:1,600.0,75.0,8,32,256,100,ring_ring,baseline,10700740,19.5216,ok,
bw8-1_n256_msg100_ring_ring_localBWAware,8:1,600.0,75.0,8,32,256,100,ring_ring,localBWAware,8327886,25.0839,ok,
bw8-1_n256_msg100_ring_dbt_baseline,8:1,600.0,75.0,8,32,256,100,ring_dbt,baseline,14683223,14.2268,ok,
bw8-1_n256_msg100_ring_dbt_localBWAware,8:1,600.0,75.0,8,32,256,100,ring_dbt,localBWAware,2863191,72.9592,ok,
bw8-1_n256_msg100_oneRing_baseline,8:1,600.0,75.0,8,32,256,100,oneRing,baseline,17136640,12.19,ok,
bw8-1_n256_msg100_oneRing_localBWAware,8:1,600.0,75.0,8,32,256,100,oneRing,localBWAware,17136640,12.19,ok,
bw8-1_n256_msg1000_ring_ring_baseline,8:1,600.0,75.0,8,32,256,1000,ring_ring,baseline,35184058,59.3723,ok,
bw8-1_n256_msg1000_ring_ring_localBWAware,8:1,600.0,75.0,8,32,256,1000,ring_ring,localBWAware,11443524,182.5452,ok,
bw8-1_n256_msg1000_ring_dbt_baseline,8:1,600.0,75.0,8,32,256,1000,ring_dbt,baseline,136324302,15.3235,ok,
bw8-1_n256_msg1000_ring_dbt_localBWAware,8:1,600.0,75.0,8,32,256,1000,ring_dbt,localBWAware,18124469,115.2563,ok,
bw8-1_n256_msg1000_oneRing_baseline,8:1,600.0,75.0,8,32,256,1000,oneRing,baseline,21836800,95.6624,ok,
bw8-1_n256_msg1000_oneRing_localBWAware,8:1,600.0,75.0,8,32,256,1000,oneRing,localBWAware,21836800,95.6624,ok,
bw16-1_n16_msg1_ring_ring_baseline,16:1,600.0,37.5,8,2,16,1,ring_ring,baseline,466083,4.2183,ok,
bw16-1_n16_msg1_ring_ring_localBWAware,16:1,600.0,37.5,8,2,16,1,ring_ring,localBWAware,462272,4.2531,ok,
bw16-1_n16_msg1_ring_dbt_baseline,16:1,600.0,37.5,8,2,16,1,ring_dbt,baseline,466504,4.2145,ok,
bw16-1_n16_msg1_ring_dbt_localBWAware,16:1,600.0,37.5,8,2,16,1,ring_dbt,localBWAware,462272,4.2531,ok,
bw16-1_n16_msg1_oneRing_baseline,16:1,600.0,37.5,8,2,16,1,oneRing,baseline,981760,2.0026,ok,
bw16-1_n16_msg1_oneRing_localBWAware,16:1,600.0,37.5,8,2,16,1,oneRing,localBWAware,981760,2.0026,ok,
bw16-1_n16_msg10_ring_ring_baseline,16:1,600.0,37.5,8,2,16,10,ring_ring,baseline,535900,36.6874,ok,
bw16-1_n16_msg10_ring_ring_localBWAware,16:1,600.0,37.5,8,2,16,10,ring_ring,localBWAware,502144,39.1537,ok,
bw16-1_n16_msg10_ring_dbt_baseline,16:1,600.0,37.5,8,2,16,10,ring_dbt,baseline,513978,38.2522,ok,
bw16-1_n16_msg10_ring_dbt_localBWAware,16:1,600.0,37.5,8,2,16,10,ring_dbt,localBWAware,502144,39.1537,ok,
bw16-1_n16_msg10_oneRing_baseline,16:1,600.0,37.5,8,2,16,10,oneRing,baseline,1025920,19.1641,ok,
bw16-1_n16_msg10_oneRing_localBWAware,16:1,600.0,37.5,8,2,16,10,oneRing,localBWAware,1025920,19.1641,ok,
bw16-1_n16_msg100_ring_ring_baseline,16:1,600.0,37.5,8,2,16,100,ring_ring,baseline,2974660,66.0943,ok,
bw16-1_n16_msg100_ring_ring_localBWAware,16:1,600.0,37.5,8,2,16,100,ring_ring,localBWAware,914304,215.0357,ok,
bw16-1_n16_msg100_ring_dbt_baseline,16:1,600.0,37.5,8,2,16,100,ring_dbt,baseline,2987024,65.8207,ok,
bw16-1_n16_msg100_ring_dbt_localBWAware,16:1,600.0,37.5,8,2,16,100,ring_dbt,localBWAware,914304,215.0357,ok,
bw16-1_n16_msg100_oneRing_baseline,16:1,600.0,37.5,8,2,16,100,oneRing,baseline,1467520,133.973,ok,
bw16-1_n16_msg100_oneRing_localBWAware,16:1,600.0,37.5,8,2,16,100,oneRing,localBWAware,1467520,133.973,ok,
bw16-1_n16_msg1000_ring_ring_baseline,16:1,600.0,37.5,8,2,16,1000,ring_ring,baseline,27361082,71.8568,ok,
bw16-1_n16_msg1000_ring_ring_localBWAware,16:1,600.0,37.5,8,2,16,1000,ring_ring,localBWAware,5026048,391.1781,ok,
bw16-1_n16_msg1000_ring_dbt_baseline,16:1,600.0,37.5,8,2,16,1000,ring_dbt,baseline,28624457,68.6853,ok,
bw16-1_n16_msg1000_ring_dbt_localBWAware,16:1,600.0,37.5,8,2,16,1000,ring_dbt,localBWAware,5026048,391.1781,ok,
bw16-1_n16_msg1000_oneRing_baseline,16:1,600.0,37.5,8,2,16,1000,oneRing,baseline,5873920,334.7134,ok,
bw16-1_n16_msg1000_oneRing_localBWAware,16:1,600.0,37.5,8,2,16,1000,oneRing,localBWAware,5873920,334.7134,ok,
bw16-1_n64_msg1_ring_ring_baseline,16:1,600.0,37.5,8,8,64,1,ring_ring,baseline,1854957,1.1129,ok,
bw16-1_n64_msg1_ring_ring_localBWAware,16:1,600.0,37.5,8,8,64,1,ring_ring,localBWAware,1814199,1.1379,ok,
bw16-1_n64_msg1_ring_dbt_baseline,16:1,600.0,37.5,8,8,64,1,ring_dbt,baseline,792989,2.6033,ok,
bw16-1_n64_msg1_ring_dbt_localBWAware,16:1,600.0,37.5,8,8,64,1,ring_dbt,localBWAware,670083,3.0808,ok,
bw16-1_n64_msg1_oneRing_baseline,16:1,600.0,37.5,8,8,64,1,oneRing,baseline,4113280,0.5019,ok,
bw16-1_n64_msg1_oneRing_localBWAware,16:1,600.0,37.5,8,8,64,1,oneRing,localBWAware,4113280,0.5019,ok,
bw16-1_n64_msg10_ring_ring_baseline,16:1,600.0,37.5,8,8,64,10,ring_ring,baseline,2280732,9.0514,ok,
bw16-1_n64_msg10_ring_ring_localBWAware,16:1,600.0,37.5,8,8,64,10,ring_ring,localBWAware,1867238,11.0558,ok,
bw16-1_n64_msg10_ring_dbt_baseline,16:1,600.0,37.5,8,8,64,10,ring_dbt,baseline,2057755,10.0322,ok,
bw16-1_n64_msg10_ring_dbt_localBWAware,16:1,600.0,37.5,8,8,64,10,ring_dbt,localBWAware,828284,24.9236,ok,
bw16-1_n64_msg10_oneRing_baseline,16:1,600.0,37.5,8,8,64,10,oneRing,baseline,4149568,4.9749,ok,
bw16-1_n64_msg10_oneRing_localBWAware,16:1,600.0,37.5,8,8,64,10,oneRing,localBWAware,4149568,4.9749,ok,
bw16-1_n64_msg100_ring_ring_baseline,16:1,600.0,37.5,8,8,64,100,ring_ring,baseline,6544964,31.5416,ok,
bw16-1_n64_msg100_ring_ring_localBWAware,16:1,600.0,37.5,8,8,64,100,ring_ring,localBWAware,2406350,85.789,ok,
bw16-1_n64_msg100_ring_dbt_baseline,16:1,600.0,37.5,8,8,64,100,ring_dbt,baseline,14704656,14.039,ok,
bw16-1_n64_msg100_ring_dbt_localBWAware,16:1,600.0,37.5,8,8,64,100,ring_dbt,localBWAware,2415622,85.4597,ok,
bw16-1_n64_msg100_oneRing_baseline,16:1,600.0,37.5,8,8,64,100,oneRing,baseline,4621312,44.671,ok,
bw16-1_n64_msg100_oneRing_localBWAware,16:1,600.0,37.5,8,8,64,100,oneRing,localBWAware,4621312,44.671,ok,
bw16-1_n64_msg1000_ring_ring_baseline,16:1,600.0,37.5,8,8,64,1000,ring_ring,baseline,49172794,41.9822,ok,
bw16-1_n64_msg1000_ring_ring_localBWAware,16:1,600.0,37.5,8,8,64,1000,ring_ring,localBWAware,7791044,264.9689,ok,
bw16-1_n64_msg1000_ring_dbt_baseline,16:1,600.0,37.5,8,8,64,1000,ring_dbt,baseline,141169993,14.6234,ok,
bw16-1_n64_msg1000_ring_dbt_localBWAware,16:1,600.0,37.5,8,8,64,1000,ring_dbt,localBWAware,18279884,112.932,ok,
bw16-1_n64_msg1000_oneRing_baseline,16:1,600.0,37.5,8,8,64,1000,oneRing,baseline,9250048,223.1755,ok,
bw16-1_n64_msg1000_oneRing_localBWAware,16:1,600.0,37.5,8,8,64,1000,oneRing,localBWAware,9250048,223.1755,ok,
bw16-1_n256_msg1_ring_ring_baseline,16:1,600.0,37.5,8,32,256,1,ring_ring,baseline,8031149,0.2601,ok,
bw16-1_n256_msg1_ring_ring_localBWAware,16:1,600.0,37.5,8,32,256,1,ring_ring,localBWAware,7987511,0.2615,ok,
bw16-1_n256_msg1_ring_dbt_baseline,16:1,600.0,37.5,8,32,256,1,ring_dbt,baseline,1419165,1.472,ok,
bw16-1_n256_msg1_ring_dbt_localBWAware,16:1,600.0,37.5,8,32,256,1,ring_dbt,localBWAware,1198211,1.7434,ok,
bw16-1_n256_msg1_oneRing_baseline,16:1,600.0,37.5,8,32,256,1,oneRing,baseline,16647040,0.1255,ok,
bw16-1_n256_msg1_oneRing_localBWAware,16:1,600.0,37.5,8,32,256,1,oneRing,localBWAware,16647040,0.1255,ok,
bw16-1_n256_msg10_ring_ring_baseline,16:1,600.0,37.5,8,32,256,10,ring_ring,baseline,8505948,2.4559,ok,
bw16-1_n256_msg10_ring_ring_localBWAware,16:1,600.0,37.5,8,32,256,10,ring_ring,localBWAware,8043686,2.597,ok,
bw16-1_n256_msg10_ring_dbt_baseline,16:1,600.0,37.5,8,32,256,10,ring_dbt,baseline,3692315,5.6576,ok,
bw16-1_n256_msg10_ring_dbt_localBWAware,16:1,600.0,37.5,8,32,256,10,ring_dbt,localBWAware,1482108,14.0945,ok,
bw16-1_n256_msg10_oneRing_baseline,16:1,600.0,37.5,8,32,256,10,oneRing,baseline,16647040,1.2549,ok,
bw16-1_n256_msg10_oneRing_localBWAware,16:1,600.0,37.5,8,32,256,10,oneRing,localBWAware,16647040,1.2549,ok,
bw16-1_n256_msg100_ring_ring_baseline,16:1,600.0,37.5,8,32,256,100,ring_ring,baseline,13224388,15.7963,ok,
bw16-1_n256_msg100_ring_ring_localBWAware,16:1,600.0,37.5,8,32,256,100,ring_ring,localBWAware,8641358,24.174,ok,
bw16-1_n256_msg100_ring_dbt_baseline,16:1,600.0,37.5,8,32,256,100,ring_dbt,baseline,26422288,7.9061,ok,
bw16-1_n256_msg100_ring_dbt_localBWAware,16:1,600.0,37.5,8,32,256,100,ring_dbt,localBWAware,4330502,48.2383,ok,
bw16-1_n256_msg100_oneRing_baseline,16:1,600.0,37.5,8,32,256,100,oneRing,baseline,17136640,12.19,ok,
bw16-1_n256_msg100_oneRing_localBWAware,16:1,600.0,37.5,8,32,256,100,oneRing,localBWAware,17136640,12.19,ok,
bw16-1_n256_msg1000_ring_ring_baseline,16:1,600.0,37.5,8,32,256,1000,ring_ring,baseline,60412602,34.5782,ok,
bw16-1_n256_msg1000_ring_ring_localBWAware,16:1,600.0,37.5,8,32,256,1000,ring_ring,localBWAware,14598084,143.0982,ok,
bw16-1_n256_msg1000_ring_dbt_baseline,16:1,600.0,37.5,8,32,256,1000,ring_dbt,baseline,253715529,8.2335,ok,
bw16-1_n256_msg1000_ring_dbt_localBWAware,16:1,600.0,37.5,8,32,256,1000,ring_dbt,localBWAware,32798156,63.6914,ok,
bw16-1_n256_msg1000_oneRing_baseline,16:1,600.0,37.5,8,32,256,1000,oneRing,baseline,21836800,95.6624,ok,
bw16-1_n256_msg1000_oneRing_localBWAware,16:1,600.0,37.5,8,32,256,1000,oneRing,localBWAware,21836800,95.6624,ok,
bw48-1_n16_msg1_ring_ring_baseline,48:1,600.0,12.5,8,2,16,1,ring_ring,baseline,466897,4.211,ok,
bw48-1_n16_msg1_ring_ring_localBWAware,48:1,600.0,12.5,8,2,16,1,ring_ring,localBWAware,462272,4.2531,ok,
bw48-1_n16_msg1_ring_dbt_baseline,48:1,600.0,12.5,8,2,16,1,ring_dbt,baseline,468132,4.1998,ok,
bw48-1_n16_msg1_ring_dbt_localBWAware,48:1,600.0,12.5,8,2,16,1,ring_dbt,localBWAware,462272,4.2531,ok,
bw48-1_n16_msg1_oneRing_baseline,48:1,600.0,12.5,8,2,16,1,oneRing,baseline,981760,2.0026,ok,
bw48-1_n16_msg1_oneRing_localBWAware,48:1,600.0,12.5,8,2,16,1,oneRing,localBWAware,981760,2.0026,ok,
bw48-1_n16_msg10_ring_ring_baseline,48:1,600.0,12.5,8,2,16,10,ring_ring,baseline,1056732,18.6053,ok,
bw48-1_n16_msg10_ring_ring_localBWAware,48:1,600.0,12.5,8,2,16,10,ring_ring,localBWAware,502144,39.1537,ok,
bw48-1_n16_msg10_ring_dbt_baseline,48:1,600.0,12.5,8,2,16,10,ring_dbt,baseline,952165,20.6485,ok,
bw48-1_n16_msg10_ring_dbt_localBWAware,48:1,600.0,12.5,8,2,16,10,ring_dbt,localBWAware,502144,39.1537,ok,
bw48-1_n16_msg10_oneRing_baseline,48:1,600.0,12.5,8,2,16,10,oneRing,baseline,1025920,19.1641,ok,
bw48-1_n16_msg10_oneRing_localBWAware,48:1,600.0,12.5,8,2,16,10,oneRing,localBWAware,1025920,19.1641,ok,
bw48-1_n16_msg100_ring_ring_baseline,48:1,600.0,12.5,8,2,16,100,ring_ring,baseline,8182980,24.0265,ok,
bw48-1_n16_msg100_ring_ring_localBWAware,48:1,600.0,12.5,8,2,16,100,ring_ring,localBWAware,1261006,155.9136,ok,
bw48-1_n16_msg100_ring_dbt_baseline,48:1,600.0,12.5,8,2,16,100,ring_dbt,baseline,8276724,23.7543,ok,
bw48-1_n16_msg100_ring_dbt_localBWAware,48:1,600.0,12.5,8,2,16,100,ring_dbt,localBWAware,1161922,169.2093,ok,
bw48-1_n16_msg100_oneRing_baseline,48:1,600.0,12.5,8,2,16,100,oneRing,baseline,1467520,133.973,ok,
bw48-1_n16_msg100_oneRing_localBWAware,48:1,600.0,12.5,8,2,16,100,oneRing,localBWAware,1467520,133.973,ok,
bw48-1_n16_msg1000_ring_ring_baseline,48:1,600.0,12.5,8,2,16,1000,ring_ring,baseline,79444410,24.7479,ok,
bw48-1_n16_msg1000_ring_ring_localBWAware,48:1,600.0,12.5,8,2,16,1000,ring_ring,localBWAware,10224836,192.2847,ok,
bw48-1_n16_msg1000_ring_dbt_baseline,48:1,600.0,12.5,8,2,16,1000,ring_dbt,baseline,81521587,24.1173,ok,
bw48-1_n16_msg1000_ring_dbt_localBWAware,48:1,600.0,12.5,8,2,16,1000,ring_dbt,localBWAware,10373737,189.5248,ok,
bw48-1_n16_msg1000_oneRing_baseline,48:1,600.0,12.5,8,2,16,1000,oneRing,baseline,5873920,334.7134,ok,
bw48-1_n16_msg1000_oneRing_localBWAware,48:1,600.0,12.5,8,2,16,1000,oneRing,localBWAware,5873920,334.7134,ok,
bw48-1_n64_msg1_ring_ring_baseline,48:1,600.0,12.5,8,8,64,1,ring_ring,baseline,1946349,1.0606,ok,
bw48-1_n64_msg1_ring_ring_localBWAware,48:1,600.0,12.5,8,8,64,1,ring_ring,localBWAware,1825847,1.1306,ok,
bw48-1_n64_msg1_ring_dbt_baseline,48:1,600.0,12.5,8,8,64,1,ring_dbt,baseline,1054283,1.9581,ok,
bw48-1_n64_msg1_ring_dbt_localBWAware,48:1,600.0,12.5,8,8,64,1,ring_dbt,localBWAware,702825,2.9373,ok,
bw48-1_n64_msg1_oneRing_baseline,48:1,600.0,12.5,8,8,64,1,oneRing,baseline,4113280,0.5019,ok,
bw48-1_n64_msg1_oneRing_localBWAware,48:1,600.0,12.5,8,8,64,1,oneRing,localBWAware,4113280,0.5019,ok,
bw48-1_n64_msg10_ring_ring_baseline,48:1,600.0,12.5,8,8,64,10,ring_ring,baseline,3191964,6.4674,ok,
bw48-1_n64_msg10_ring_ring_localBWAware,48:1,600.0,12.5,8,8,64,10,ring_ring,localBWAware,1981030,10.4208,ok,
bw48-1_n64_msg10_ring_dbt_baseline,48:1,600.0,12.5,8,8,64,10,ring_dbt,baseline,4670053,4.4205,ok,
bw48-1_n64_msg10_ring_dbt_localBWAware,48:1,600.0,12.5,8,8,64,10,ring_dbt,localBWAware,1154741,17.8775,ok,
bw48-1_n64_msg10_oneRing_baseline,48:1,600.0,12.5,8,8,64,10,oneRing,baseline,4149568,4.9749,ok,
bw48-1_n64_msg10_oneRing_localBWAware,48:1,600.0,12.5,8,8,64,10,oneRing,localBWAware,4149568,4.9749,ok,
bw48-1_n64_msg100_ring_ring_baseline,48:1,600.0,12.5,8,8,64,100,ring_ring,baseline,15659076,13.1833,ok,
bw48-1_n64_msg100_ring_ring_localBWAware,48:1,600.0,12.5,8,8,64,100,ring_ring,localBWAware,3546062,58.2162,ok,
bw48-1_n64_msg100_ring_dbt_baseline,48:1,600.0,12.5,8,8,64,100,ring_dbt,baseline,40827636,5.0563,ok,
bw48-1_n64_msg100_ring_dbt_localBWAware,48:1,600.0,12.5,8,8,64,100,ring_dbt,localBWAware,5680834,36.3395,ok,
bw48-1_n64_msg100_oneRing_baseline,48:1,600.0,12.5,8,8,64,100,oneRing,baseline,4621312,44.671,ok,
bw48-1_n64_msg100_oneRing_localBWAware,48:1,600.0,12.5,8,8,64,100,oneRing,localBWAware,4621312,44.671,ok,
bw48-1_n64_msg1000_ring_ring_baseline,48:1,600.0,12.5,8,8,64,1000,ring_ring,baseline,140318394,14.7121,ok,
bw48-1_n64_msg1000_ring_ring_localBWAware,48:1,600.0,12.5,8,8,64,1000,ring_ring,localBWAware,19184580,107.6064,ok,
bw48-1_n64_msg1000_ring_dbt_baseline,48:1,600.0,12.5,8,8,64,1000,ring_dbt,baseline,402400435,5.1302,ok,
bw48-1_n64_msg1000_ring_dbt_localBWAware,48:1,600.0,12.5,8,8,64,1000,ring_dbt,localBWAware,50933609,40.5309,ok,
bw48-1_n64_msg1000_oneRing_baseline,48:1,600.0,12.5,8,8,64,1000,oneRing,baseline,9250048,223.1755,ok,
bw48-1_n64_msg1000_oneRing_localBWAware,48:1,600.0,12.5,8,8,64,1000,oneRing,localBWAware,9250048,223.1755,ok,
bw48-1_n256_msg1_ring_ring_baseline,48:1,600.0,12.5,8,32,256,1,ring_ring,baseline,8134317,0.2568,ok,
bw48-1_n256_msg1_ring_ring_localBWAware,48:1,600.0,12.5,8,32,256,1,ring_ring,localBWAware,7999415,0.2611,ok,
bw48-1_n256_msg1_ring_dbt_baseline,48:1,600.0,12.5,8,32,256,1,ring_dbt,baseline,1888843,1.1059,ok,
bw48-1_n256_msg1_ring_dbt_localBWAware,48:1,600.0,12.5,8,32,256,1,ring_dbt,localBWAware,1257065,1.6618,ok,
bw48-1_n256_msg1_oneRing_baseline,48:1,600.0,12.5,8,32,256,1,oneRing,baseline,16647040,0.1255,ok,
bw48-1_n256_msg1_oneRing_localBWAware,48:1,600.0,12.5,8,32,256,1,oneRing,localBWAware,16647040,0.1255,ok,
bw48-1_n256_msg10_ring_ring_baseline,48:1,600.0,12.5,8,32,256,10,ring_ring,baseline,9513820,2.1957,ok,
bw48-1_n256_msg10_ring_ring_localBWAware,48:1,600.0,12.5,8,32,256,10,ring_ring,localBWAware,8170662,2.5567,ok,
bw48-1_n256_msg10_ring_dbt_baseline,48:1,600.0,12.5,8,32,256,10,ring_dbt,baseline,8387941,2.4904,ok,
bw48-1_n256_msg10_ring_dbt_localBWAware,48:1,600.0,12.5,8,32,256,10,ring_dbt,localBWAware,2068917,10.0969,ok,
bw48-1_n256_msg10_oneRing_baseline,48:1,600.0,12.5,8,32,256,10,oneRing,baseline,16647040,1.2549,ok,
bw48-1_n256_msg10_oneRing_localBWAware,48:1,600.0,12.5,8,32,256,10,oneRing,localBWAware,16647040,1.2549,ok,
bw48-1_n256_msg100_ring_ring_baseline,48:1,600.0,12.5,8,32,256,100,ring_ring,baseline,23315012,8.9597,ok,
bw48-1_n256_msg100_ring_ring_localBWAware,48:1,600.0,12.5,8,32,256,100,ring_ring,localBWAware,9903182,21.0938,ok,
bw48-1_n256_msg100_ring_dbt_baseline,48:1,600.0,12.5,8,32,256,100,ring_dbt,baseline,73378548,2.8468,ok,
bw48-1_n256_msg100_ring_dbt_localBWAware,48:1,600.0,12.5,8,32,256,100,ring_dbt,localBWAware,10199746,20.4805,ok,
bw48-1_n256_msg100_oneRing_baseline,48:1,600.0,12.5,8,32,256,100,oneRing,baseline,17136640,12.19,ok,
bw48-1_n256_msg100_oneRing_localBWAware,48:1,600.0,12.5,8,32,256,100,oneRing,localBWAware,17136640,12.19,ok,
bw48-1_n256_msg1000_ring_ring_baseline,48:1,600.0,12.5,8,32,256,1000,ring_ring,baseline,161322810,12.9489,ok,
bw48-1_n256_msg1000_ring_ring_localBWAware,48:1,600.0,12.5,8,32,256,1000,ring_ring,localBWAware,27212356,76.7651,ok,
bw48-1_n256_msg1000_ring_dbt_baseline,48:1,600.0,12.5,8,32,256,1000,ring_dbt,baseline,723279283,2.8882,ok,
bw48-1_n256_msg1000_ring_dbt_localBWAware,48:1,600.0,12.5,8,32,256,1000,ring_dbt,localBWAware,91493481,22.8318,ok,
bw48-1_n256_msg1000_oneRing_baseline,48:1,600.0,12.5,8,32,256,1000,oneRing,baseline,21836800,95.6624,ok,
bw48-1_n256_msg1000_oneRing_localBWAware,48:1,600.0,12.5,8,32,256,1000,oneRing,localBWAware,21836800,95.6624,ok,
